Feedback_ID,Feedback_Text,Sentiment
819,Warranty claims take too long to process.,Negative
356,The easy-to-use reporting tools help track performance effectively.,Positive
687,Customer service representatives lack technical knowledge.,Negative
210,"The product exceeded our expectations, and shipping was prompt.",Positive
228,"User interface is intuitive, making navigation smooth and effortless.",Positive
909,Hidden fees in the billing process make pricing unclear.,Negative
357,Customer testimonials reflect high satisfaction with the product.,Positive
499,The product offers great value for money compared to competitors.,Positive
522,The analytics dashboard lacks crucial insights needed for business decisions.,Negative
550,The onboarding tutorial does not cover key functions.,Negative
640,"Product inventory is not updated in real time, leading to order cancellations.",Negative
507,Video tutorials do not address common user concerns.,Negative
960,The interface does not scale well on different screen sizes.,Negative
755,The help desk tickets take too long to be resolved.,Negative
746,Support calls have long wait times with no call-back option.,Negative
532,Limited inventory tracking results in overselling issues.,Negative
195,Customer feedback is actively considered for product improvements.,Positive
107,Sales process has been streamlined with better technology support.,Positive
51,Marketing support has helped boost sales and brand recognition.,Positive
723,The training materials provided are outdated.,Negative
743,No easy way to escalate urgent issues to management.,Negative
990,"Error messages are vague, making troubleshooting difficult.",Negative
68,Customizable options make the product suitable for various business needs.,Positive
571,User permissions are difficult to configure for different roles.,Negative
538,"Vendor communication is inconsistent, leading to uncertainty.",Negative
690,"The mobile app crashes frequently, making it unreliable.",Negative
146,Strong community support provides additional resources and best practices.,Positive
889,The response from the escalation team is often unhelpful.,Negative
84,Regular product webinars provide ongoing education and best practices.,Positive
920,Support representatives provide inconsistent solutions to the same issue.,Negative
713,"We are facing stock shortages frequently, disrupting sales.",Negative
150,The discount structures have made bulk purchasing more attractive.,Positive
177,Sales process has been streamlined with better technology support.,Positive
529,The software updates introduce more bugs than they fix.,Negative
409,Dedicated account manager support has been very helpful.,Positive
457,Shipping speeds have consistently met or exceeded expectations.,Positive
74,The product's reliability has strengthened customer confidence.,Positive
69,"Order processing time has been significantly reduced, improving efficiency.",Positive
785,"Account security measures are weak, raising privacy concerns.",Negative
349,The vendor proactively communicates about product enhancements.,Positive
431,The scalability of the platform supports business growth effectively.,Positive
12,The flexible pricing model makes it accessible to businesses of all sizes.,Positive
820,"Shipping partners are unreliable, frequently misplacing packages.",Negative
130,"The product is well-engineered, leading to high durability.",Positive
378,"Order processing time has been significantly reduced, improving efficiency.",Positive
282,The onboarding guide made setting up the system quick and hassle-free.,Positive
396,Customer demand has been steadily increasing for this product.,Positive
906,"Platform customizations are minimal, reducing flexibility for users.",Negative
212,"After-sales service has been excellent, increasing customer retention.",Positive
369,"Collaboration has been seamless, with clear communication at all stages.",Positive
938,"Packaging is poor, leading to damaged products in transit.",Negative
852,Training was too generic and did not cover specific use cases.,Negative
120,We have received great promotional support from the company.,Positive
628,Search filters do not return accurate results.,Negative
464,Timely communication from the team has helped in business planning.,Positive
277,Shipping speeds have consistently met or exceeded expectations.,Positive
5,The loyalty program rewards have increased customer retention.,Positive
919,"Website speed is slow, making browsing frustrating.",Negative
714,Long wait times for live chat support.,Negative
135,Support team was quick to resolve our concerns professionally.,Positive
659,The checkout process is confusing and leads to abandoned carts.,Negative
667,"Pricing is too high compared to competitors, impacting sales.",Negative
886,"Vendor communication is inconsistent, leading to uncertainty.",Negative
200,Timely communication from the team has helped in business planning.,Positive
381,Strong community support provides additional resources and best practices.,Positive
355,"Pricing strategy is competitive, allowing better profit margins.",Positive
433,Secure packaging has minimized damage during product transit.,Positive
871,The onboarding tutorial does not cover key functions.,Negative
598,Warranty support is hard to claim and lacks clear instructions.,Negative
156,Commission structure has been motivating our sales team effectively.,Positive
561,Limited payment options make transactions inconvenient.,Negative
280,"The product is well-engineered, leading to high durability.",Positive
536,"Support team lacks responsiveness, leading to unresolved issues.",Negative
50,The company's commitment to innovation keeps the product competitive.,Positive
22,Sales process has been streamlined with better technology support.,Positive
711,"Account security measures are weak, raising privacy concerns.",Negative
771,"The checkout process has unnecessary steps, leading to cart abandonment.",Negative
931,Promotional emails are too frequent and feel like spam.,Negative
338,Bulk order processing has been made faster and more efficient.,Positive
705,No easy way to escalate urgent issues to management.,Negative
978,User permissions are difficult to configure for different roles.,Negative
756,User permissions are difficult to configure for different roles.,Negative
613,The onboarding tutorial does not cover key functions.,Negative
896,Email support responses are generic and do not resolve the issue.,Negative
970,The FAQ section is not detailed enough to answer common questions.,Negative
359,The latest update enhanced functionality and user experience.,Positive
754,Return and refund policies are unclear and complicated.,Negative
573,Frequent password reset requests indicate security flaws.,Negative
112,Return and exchange policies are customer-friendly and efficient.,Positive
942,Training was too generic and did not cover specific use cases.,Negative
913,Long wait times for live chat support.,Negative
315,Support team was quick to resolve our concerns professionally.,Positive
94,The sales team is proactive and offers personalized recommendations.,Positive
630,"Order processing time is too slow, leading to frustrated customers.",Negative
88,The mobile app interface has made order management more efficient.,Positive
953,Incentives are not attractive enough to drive more sales.,Negative
841,"The product quality has been inconsistent, causing customer complaints.",Negative
403,Regular product webinars provide ongoing education and best practices.,Positive
273,Strong community support provides additional resources and best practices.,Positive
451,The detailed user manual simplifies the learning process.,Positive
204,The sales team is proactive and offers personalized recommendations.,Positive
443,The discount structures have made bulk purchasing more attractive.,Positive
197,Commission structure has been motivating our sales team effectively.,Positive
147,Multi-language support has broadened our customer base.,Positive
774,"Support team lacks responsiveness, leading to unresolved issues.",Negative
563,"Error messages are vague, making troubleshooting difficult.",Negative
764,"Support response times are too slow, affecting our business.",Negative
851,Discounts and promotions are not competitive enough.,Negative
929,Customer loyalty programs are not rewarding enough.,Negative
866,Customer feedback is not being implemented into product updates.,Negative
967,"Key features require additional payments, making it expensive.",Negative
10,Product durability has significantly reduced return rates.,Positive
556,Warranty support is hard to claim and lacks clear instructions.,Negative
596,The user interface is outdated and difficult to navigate.,Negative
521,"System maintenance happens at inconvenient times, disrupting usage.",Negative
418,Bulk order processing has been made faster and more efficient.,Positive
98,The seamless integration with third-party apps enhances usability.,Positive
838,The user interface is outdated and difficult to navigate.,Negative
955,Support representatives provide inconsistent solutions to the same issue.,Negative
348,Bulk order processing has been made faster and more efficient.,Positive
832,Warranty claims take too long to process.,Negative
290,Product durability has significantly reduced return rates.,Positive
335,The easy-to-use reporting tools help track performance effectively.,Positive
656,Frequent downtime of the platform is causing major disruptions.,Negative
519,The chatbot support is ineffective and gives irrelevant answers.,Negative
884,In-app advertisements interfere with user experience.,Negative
263,"Subscription plans are flexible, accommodating different budget levels.",Positive
429,The scalability of the platform supports business growth effectively.,Positive
668,Security concerns arise due to frequent account breaches.,Negative
91,The loyalty program rewards have increased customer retention.,Positive
497,"Pricing strategy is competitive, allowing better profit margins.",Positive
835,"We are facing stock shortages frequently, disrupting sales.",Negative
278,Customer testimonials reflect high satisfaction with the product.,Positive
26,Customer appreciation programs have strengthened brand loyalty.,Positive
484,"Subscription plans are flexible, accommodating different budget levels.",Positive
285,"Account management support is outstanding, ensuring a smooth experience.",Positive
739,Customization options are too limited for enterprise users.,Negative
53,The product warranty terms are favorable and build customer trust.,Positive
404,We appreciate the transparency in pricing and contract terms.,Positive
801,No easy way to escalate urgent issues to management.,Negative
765,Video tutorials do not address common user concerns.,Negative
320,The mobile app interface has made order management more efficient.,Positive
117,"Subscription plans are flexible, accommodating different budget levels.",Positive
770,Misleading marketing creates unrealistic expectations for the product.,Negative
239,We appreciate the transparency in pricing and contract terms.,Positive
193,Promotional discounts have driven more customer engagement.,Positive
116,The seamless integration with third-party apps enhances usability.,Positive
916,"System crashes unexpectedly, causing loss of progress and data.",Negative
131,"Collaboration has been seamless, with clear communication at all stages.",Positive
205,The detailed user manual simplifies the learning process.,Positive
586,Pricing tiers do not offer enough flexibility for small businesses.,Negative
339,AI-powered features have improved automation and decision-making.,Positive
845,Support calls have long wait times with no call-back option.,Negative
839,The user interface is outdated and difficult to navigate.,Negative
787,Email support responses are generic and do not resolve the issue.,Negative
804,Search filters do not return accurate results.,Negative
29,The discount structures have made bulk purchasing more attractive.,Positive
72,Marketing campaigns have increased brand visibility and sales.,Positive
987,The onboarding tutorial does not cover key functions.,Negative
143,"Pricing strategy is competitive, allowing better profit margins.",Positive
733,The user interface is outdated and difficult to navigate.,Negative
251,Personalized marketing efforts have improved conversion rates.,Positive
636,The product is not compatible with industry-standard formats.,Negative
694,"Vendor communication is inconsistent, leading to uncertainty.",Negative
912,Return and refund policies are unclear and complicated.,Negative
166,Customizable options make the product suitable for various business needs.,Positive
108,"Order processing time has been significantly reduced, improving efficiency.",Positive
389,The latest update enhanced functionality and user experience.,Positive
994,"System maintenance happens at inconvenient times, disrupting usage.",Negative
992,The onboarding process is cumbersome and not user-friendly.,Negative
623,Warranty support is hard to claim and lacks clear instructions.,Negative
553,"We are facing stock shortages frequently, disrupting sales.",Negative
597,Limited payment options make transactions inconvenient.,Negative
283,Customer appreciation programs have strengthened brand loyalty.,Positive
179,The quality of materials used in the product is outstanding.,Positive
336,Training sessions are comprehensive and cater to different skill levels.,Positive
966,Lack of multilingual support is limiting global reach.,Negative
137,User feedback implementation has led to noticeable enhancements.,Positive
231,The product warranty terms are favorable and build customer trust.,Positive
313,Customizable options make the product suitable for various business needs.,Positive
900,The onboarding tutorial does not cover key functions.,Negative
142,Promotional discounts have driven more customer engagement.,Positive
632,"Error messages are vague, making troubleshooting difficult.",Negative
121,Timely communication from the team has helped in business planning.,Positive
82,"After-sales service has been excellent, increasing customer retention.",Positive
129,The vendor proactively communicates about product enhancements.,Positive
537,The software lacks automation features that competitors offer.,Negative
807,Customization options are too limited for enterprise users.,Negative
790,Limited language options make the service inaccessible for many users.,Negative
208,Customer appreciation programs have strengthened brand loyalty.,Positive
968,Lack of multilingual support is limiting global reach.,Negative
64,Sales process has been streamlined with better technology support.,Positive
386,Co-branding opportunities have strengthened our market presence.,Positive
102,The vendor proactively communicates about product enhancements.,Positive
144,Sales process has been streamlined with better technology support.,Positive
848,Lack of integration with third-party services is limiting usability.,Negative
1000,"Shipping partners are unreliable, frequently misplacing packages.",Negative
96,Customer testimonials reflect high satisfaction with the product.,Positive
48,"Order processing time has been significantly reduced, improving efficiency.",Positive
226,The company maintains transparency in all transactions.,Positive
697,Customer feedback is not being implemented into product updates.,Negative
127,The latest update enhanced functionality and user experience.,Positive
215,Security measures implemented have increased trust in the platform.,Positive
581,The product's lifespan is much shorter than expected.,Negative
560,"The software has frequent bugs, causing operational issues.",Negative
614,The product is not compatible with industry-standard formats.,Negative
145,The trial period allowed a thorough evaluation of product features.,Positive
669,Order tracking is delayed and does not reflect real-time status.,Negative
523,Inconsistent quality control results in defective products.,Negative
937,The service lacks proactive communication about known issues.,Negative
93,The customer service team is knowledgeable and provides quick resolutions.,Positive
486,AI-powered features have improved automation and decision-making.,Positive
59,Timely communication from the team has helped in business planning.,Positive
184,Seamless cross-platform compatibility makes the product highly versatile.,Positive
331,The mobile version of the platform is just as robust as the desktop one.,Positive
685,The software updates introduce more bugs than they fix.,Negative
85,"Product performance is excellent, leading to repeat orders.",Positive
772,The checkout process is confusing and leads to abandoned carts.,Negative
535,The software lacks automation features that competitors offer.,Negative
188,The company is quick to adapt to market changes and user demands.,Positive
766,The user interface is outdated and difficult to navigate.,Negative
802,The system does not support bulk operations efficiently.,Negative
506,The checkout process is confusing and leads to abandoned carts.,Negative
956,The company lacks transparency in product development roadmaps.,Negative
816,Incentives are not attractive enough to drive more sales.,Negative
637,Some features advertised are missing or do not work as expected.,Negative
975,Notifications are excessive and cannot be customized.,Negative
341,Product packaging is eco-friendly and sustainable.,Positive
905,Customer inquiries often go unanswered for extended periods.,Negative
545,"Product descriptions are misleading, causing dissatisfaction.",Negative
495,"Account management support is outstanding, ensuring a smooth experience.",Positive
242,"Collaboration has been seamless, with clear communication at all stages.",Positive
354,The vendor proactively communicates about product enhancements.,Positive
680,"Shipping partners are unreliable, causing delays.",Negative
512,Multi-step authentication slows down the login process unnecessarily.,Negative
576,Security concerns arise due to frequent account breaches.,Negative
798,The response from the escalation team is often unhelpful.,Negative
149,Strong community support provides additional resources and best practices.,Positive
815,Lack of multilingual support is limiting global reach.,Negative
809,Search filters do not return accurate results.,Negative
701,The company lacks transparency in product development roadmaps.,Negative
584,The user interface is outdated and difficult to navigate.,Negative
254,Multi-language support has broadened our customer base.,Positive
266,The vendor proactively communicates about product enhancements.,Positive
211,Customizable options make the product suitable for various business needs.,Positive
854,"Product availability is inconsistent, leading to unfulfilled orders.",Negative
492,The mobile version of the platform is just as robust as the desktop one.,Positive
78,Commission structure has been motivating our sales team effectively.,Positive
621,The documentation lacks detailed troubleshooting steps.,Negative
775,"We are facing stock shortages frequently, disrupting sales.",Negative
372,AI-powered features have improved automation and decision-making.,Positive
995,User permissions are difficult to configure for different roles.,Negative
580,No easy way to escalate urgent issues to management.,Negative
999,"Shipping partners are unreliable, frequently misplacing packages.",Negative
941,The response from the escalation team is often unhelpful.,Negative
8,Seamless cross-platform compatibility makes the product highly versatile.,Positive
635,Order tracking is delayed and does not reflect real-time status.,Negative
776,Difficulties in reaching an actual human for customer support.,Negative
933,The software lacks automation features that competitors offer.,Negative
243,"After-sales service has been excellent, increasing customer retention.",Positive
31,Seamless cross-platform compatibility makes the product highly versatile.,Positive
602,The checkout process is confusing and leads to abandoned carts.,Negative
544,"Packaging is excessive, leading to environmental concerns.",Negative
751,"Website speed is slow, making browsing frustrating.",Negative
390,Customer demand has been steadily increasing for this product.,Positive
981,Support team is difficult to reach during critical issues.,Negative
276,The onboarding guide made setting up the system quick and hassle-free.,Positive
502,Warranty claims take too long to process.,Negative
881,Trial periods are too short to evaluate the product properly.,Negative
722,"We are facing stock shortages frequently, disrupting sales.",Negative
299,"Stock availability has improved, making inventory management easier.",Positive
794,Video tutorials do not address common user concerns.,Negative
844,Training was too generic and did not cover specific use cases.,Negative
314,The quality of materials used in the product is outstanding.,Positive
958,Order cancellations happen too frequently without explanation.,Negative
298,"After-sales service has been excellent, increasing customer retention.",Positive
698,Email support responses are generic and do not resolve the issue.,Negative
227,The trial period allowed a thorough evaluation of product features.,Positive
13,The trial period allowed a thorough evaluation of product features.,Positive
233,Customizable options make the product suitable for various business needs.,Positive
393,Frequent software updates have significantly enhanced performance.,Positive
622,"Packaging is poor, leading to damaged products in transit.",Negative
513,The website search function does not work efficiently.,Negative
675,Lack of multilingual support is limiting global reach.,Negative
719,"Support response times are too slow, affecting our business.",Negative
727,Repeated outages make the service unreliable for business use.,Negative
52,Timely assistance from support made issue resolution seamless.,Positive
609,"Packaging is excessive, leading to environmental concerns.",Negative
236,The company's commitment to innovation keeps the product competitive.,Positive
648,No easy way to escalate urgent issues to management.,Negative
122,Product packaging is eco-friendly and sustainable.,Positive
306,"The product is well-engineered, leading to high durability.",Positive
222,The trial period allowed a thorough evaluation of product features.,Positive
168,Timely assistance from support made issue resolution seamless.,Positive
376,The scalability of the platform supports business growth effectively.,Positive
412,The customer service team is knowledgeable and provides quick resolutions.,Positive
759,The interface does not scale well on different screen sizes.,Negative
654,The software lacks automation features that competitors offer.,Negative
940,"Product availability is inconsistent, leading to unfulfilled orders.",Negative
540,The product's lifespan is much shorter than expected.,Negative
855,Order tracking is delayed and does not reflect real-time status.,Negative
829,Order cancellations happen too frequently without explanation.,Negative
716,No easy way to escalate urgent issues to management.,Negative
392,Frequent updates ensure the product stays ahead of competitors.,Positive
936,Platform integration with third-party apps is unstable.,Negative
673,Order cancellations happen too frequently without explanation.,Negative
570,"The platform's navigation is unintuitive, making tasks take longer.",Negative
530,Pricing structures are confusing and not transparent.,Negative
459,Live chat support is highly responsive and effective.,Positive
34,AI-powered features have improved automation and decision-making.,Positive
466,Product stability has led to fewer service interruptions.,Positive
878,The knowledge base articles are outdated and lack relevant details.,Negative
997,The onboarding tutorial does not cover key functions.,Negative
671,"System crashes unexpectedly, causing loss of progress and data.",Negative
557,Competitor products offer better value for money.,Negative
693,Long wait times for live chat support.,Negative
670,In-app advertisements interfere with user experience.,Negative
462,The latest update enhanced functionality and user experience.,Positive
526,Product updates remove useful features instead of improving them.,Negative
124,The product offers great value for money compared to competitors.,Positive
235,The customer service team is knowledgeable and provides quick resolutions.,Positive
769,Multi-step authentication slows down the login process unnecessarily.,Negative
585,The user interface is outdated and difficult to navigate.,Negative
569,Search filters do not return accurate results.,Negative
447,Secure packaging has minimized damage during product transit.,Positive
527,The training materials provided are outdated.,Negative
154,Marketing campaigns have increased brand visibility and sales.,Positive
406,The analytics dashboard provides valuable insights for business growth.,Positive
303,The company maintains transparency in all transactions.,Positive
610,Trial periods are too short to evaluate the product properly.,Negative
379,"User interface is intuitive, making navigation smooth and effortless.",Positive
821,The system does not support bulk operations efficiently.,Negative
568,The documentation lacks detailed troubleshooting steps.,Negative
708,Customization options are too limited for enterprise users.,Negative
476,"Order processing time has been significantly reduced, improving efficiency.",Positive
604,The system does not support bulk operations efficiently.,Negative
252,Marketing campaigns have increased brand visibility and sales.,Positive
730,Security concerns arise due to frequent account breaches.,Negative
421,The detailed user manual simplifies the learning process.,Positive
269,Product packaging is eco-friendly and sustainable.,Positive
830,The company lacks transparency in product development roadmaps.,Negative
674,The onboarding tutorial does not cover key functions.,Negative
741,The company lacks transparency in product development roadmaps.,Negative
735,Mobile notifications are excessive and cannot be properly customized.,Negative
907,Warranty support is hard to claim and lacks clear instructions.,Negative
957,Some features advertised are missing or do not work as expected.,Negative
183,The discount structures have made bulk purchasing more attractive.,Positive
207,Dedicated account manager support has been very helpful.,Positive
170,"Product performance is excellent, leading to repeat orders.",Positive
781,No easy way to escalate urgent issues to management.,Negative
510,The help desk tickets take too long to be resolved.,Negative
92,"User interface is intuitive, making navigation smooth and effortless.",Positive
729,The company does not handle complaints in a timely manner.,Negative
36,"Collaboration has been seamless, with clear communication at all stages.",Positive
148,Customizable options make the product suitable for various business needs.,Positive
394,"Order processing time has been significantly reduced, improving efficiency.",Positive
218,Technical support team resolves issues within a short turnaround time.,Positive
986,"Order processing time is too slow, leading to frustrated customers.",Negative
963,"The checkout process has unnecessary steps, leading to cart abandonment.",Negative
115,"Pricing strategy is competitive, allowing better profit margins.",Positive
950,The product's lifespan is much shorter than expected.,Negative
578,"Pricing is too high compared to competitors, impacting sales.",Negative
420,Marketing campaigns have increased brand visibility and sales.,Positive
86,The mobile version of the platform is just as robust as the desktop one.,Positive
388,Strong community support provides additional resources and best practices.,Positive
337,Regular product webinars provide ongoing education and best practices.,Positive
87,The mobile app interface has made order management more efficient.,Positive
651,"The software has frequent bugs, causing operational issues.",Negative
100,Frequent software updates have significantly enhanced performance.,Positive
99,"Pricing strategy is competitive, allowing better profit margins.",Positive
353,AI-powered features have improved automation and decision-making.,Positive
248,Customizable options make the product suitable for various business needs.,Positive
642,Support calls have long wait times with no call-back option.,Negative
472,"Pricing strategy is competitive, allowing better profit margins.",Positive
281,Seamless cross-platform compatibility makes the product highly versatile.,Positive
590,Subscription cancellation is overly complicated and unclear.,Negative
201,"After-sales service has been excellent, increasing customer retention.",Positive
627,"The mobile app crashes frequently, making it unreliable.",Negative
749,"The product quality has been inconsistent, causing customer complaints.",Negative
865,Long wait times for live chat support.,Negative
258,Secure packaging has minimized damage during product transit.,Positive
351,The company maintains transparency in all transactions.,Positive
902,The documentation lacks detailed troubleshooting steps.,Negative
322,The onboarding process was smooth and well-organized.,Positive
652,In-app advertisements interfere with user experience.,Negative
167,"Order processing time has been significantly reduced, improving efficiency.",Positive
548,"The software has frequent bugs, causing operational issues.",Negative
600,The analytics dashboard lacks crucial insights needed for business decisions.,Negative
216,"The payment process is smooth, with multiple options for convenience.",Positive
30,Marketing campaigns have increased brand visibility and sales.,Positive
930,Video tutorials do not address common user concerns.,Negative
634,Products often arrive later than the estimated delivery date.,Negative
110,We appreciate the transparency in pricing and contract terms.,Positive
176,Regular product webinars provide ongoing education and best practices.,Positive
454,Regular product webinars provide ongoing education and best practices.,Positive
469,The quality of materials used in the product is outstanding.,Positive
267,Bulk order processing has been made faster and more efficient.,Positive
373,Product packaging is eco-friendly and sustainable.,Positive
214,The new automation features have improved workflow productivity.,Positive
778,"Platform customizations are minimal, reducing flexibility for users.",Negative
300,The company's commitment to innovation keeps the product competitive.,Positive
959,The system does not support bulk operations efficiently.,Negative
123,Timely assistance from support made issue resolution seamless.,Positive
827,Order tracking is delayed and does not reflect real-time status.,Negative
67,Timely communication from the team has helped in business planning.,Positive
223,Commission structure has been motivating our sales team effectively.,Positive
97,The product warranty terms are favorable and build customer trust.,Positive
972,"We are facing stock shortages frequently, disrupting sales.",Negative
240,Sales process has been streamlined with better technology support.,Positive
924,Shipping costs are too high compared to other vendors.,Negative
159,The onboarding guide made setting up the system quick and hassle-free.,Positive
842,"Product descriptions are misleading, causing dissatisfaction.",Negative
813,The system does not support bulk operations efficiently.,Negative
564,Subscription cancellation is overly complicated and unclear.,Negative
748,"Vendor communication is inconsistent, leading to uncertainty.",Negative
79,The onboarding guide made setting up the system quick and hassle-free.,Positive
395,Live chat support is highly responsive and effective.,Positive
198,Regular product webinars provide ongoing education and best practices.,Positive
141,Promotional discounts have driven more customer engagement.,Positive
645,Customer service representatives lack technical knowledge.,Negative
250,Customer demand has been steadily increasing for this product.,Positive
24,The sales team is proactive and offers personalized recommendations.,Positive
326,Secure packaging has minimized damage during product transit.,Positive
169,Lead times for order fulfillment have improved remarkably.,Positive
662,Frequent password reset requests indicate security flaws.,Negative
782,Products often arrive with missing accessories or parts.,Negative
927,"Product descriptions are misleading, causing dissatisfaction.",Negative
617,"Product availability is inconsistent, leading to unfulfilled orders.",Negative
460,Product stability has led to fewer service interruptions.,Positive
973,Order tracking is delayed and does not reflect real-time status.,Negative
458,"Order processing time has been significantly reduced, improving efficiency.",Positive
806,Lack of multilingual support is limiting global reach.,Negative
793,Product updates remove useful features instead of improving them.,Negative
18,"Subscription plans are flexible, accommodating different budget levels.",Positive
638,Product updates remove useful features instead of improving them.,Negative
752,Subscription cancellation is overly complicated and unclear.,Negative
6,Product stability has led to fewer service interruptions.,Positive
870,The onboarding process is cumbersome and not user-friendly.,Negative
903,Products often arrive later than the estimated delivery date.,Negative
954,"Packaging is poor, leading to damaged products in transit.",Negative
721,Security concerns arise due to frequent account breaches.,Negative
558,The interface does not scale well on different screen sizes.,Negative
367,Timely communication from the team has helped in business planning.,Positive
246,Customer appreciation programs have strengthened brand loyalty.,Positive
928,Mobile notifications are excessive and cannot be properly customized.,Negative
291,"Product availability has been consistent, preventing stockouts.",Positive
405,Technical support team resolves issues within a short turnaround time.,Positive
209,"After-sales service has been excellent, increasing customer retention.",Positive
255,Customer feedback is actively considered for product improvements.,Positive
631,The product's lifespan is much shorter than expected.,Negative
58,Customer appreciation programs have strengthened brand loyalty.,Positive
869,The training materials provided are outdated.,Negative
951,"The product quality has been inconsistent, causing customer complaints.",Negative
833,Incentives are not attractive enough to drive more sales.,Negative
244,Security measures implemented have increased trust in the platform.,Positive
73,The latest update enhanced functionality and user experience.,Positive
943,Repeated outages make the service unreliable for business use.,Negative
56,Support team was quick to resolve our concerns professionally.,Positive
430,Training sessions are comprehensive and cater to different skill levels.,Positive
196,Timely communication from the team has helped in business planning.,Positive
745,"The checkout process has unnecessary steps, leading to cart abandonment.",Negative
893,The system does not support bulk operations efficiently.,Negative
985,Customer support scripts feel robotic and impersonal.,Negative
114,The easy-to-use reporting tools help track performance effectively.,Positive
319,"Subscription plans are flexible, accommodating different budget levels.",Positive
191,Frequent software updates have significantly enhanced performance.,Positive
426,The quality of materials used in the product is outstanding.,Positive
890,Limited inventory tracking results in overselling issues.,Negative
589,The platform lacks offline functionality for critical operations.,Negative
493,Technical documentation provided was clear and very useful.,Positive
914,The service lacks proactive communication about known issues.,Negative
983,Mobile notifications are excessive and cannot be properly customized.,Negative
456,Security measures implemented have increased trust in the platform.,Positive
16,The flexible pricing model makes it accessible to businesses of all sizes.,Positive
758,Return and refund policies are unclear and complicated.,Negative
501,"Product availability is inconsistent, leading to unfulfilled orders.",Negative
710,Limited payment options make transactions inconvenient.,Negative
434,AI-powered features have improved automation and decision-making.,Positive
128,"Product availability has been consistent, preventing stockouts.",Positive
724,"Account security measures are weak, raising privacy concerns.",Negative
980,Competitor products offer better value for money.,Negative
496,The company maintains transparency in all transactions.,Positive
703,The interface does not scale well on different screen sizes.,Negative
23,"Stock availability has improved, making inventory management easier.",Positive
932,Promotional emails are too frequent and feel like spam.,Negative
61,Customer testimonials reflect high satisfaction with the product.,Positive
325,The new automation features have improved workflow productivity.,Positive
450,Technical support team resolves issues within a short turnaround time.,Positive
528,The documentation lacks detailed troubleshooting steps.,Negative
42,Technical support team resolves issues within a short turnaround time.,Positive
439,"Product performance is excellent, leading to repeat orders.",Positive
274,Bulk order processing has been made faster and more efficient.,Positive
653,Lack of multilingual support is limiting global reach.,Negative
343,Multi-language support has broadened our customer base.,Positive
582,The platform lacks offline functionality for critical operations.,Negative
607,Support calls have long wait times with no call-back option.,Negative
853,"Support team lacks responsiveness, leading to unresolved issues.",Negative
926,Return and refund policies are unclear and complicated.,Negative
684,"Vendor communication is inconsistent, leading to uncertainty.",Negative
777,Customer complaints do not receive timely follow-ups.,Negative
249,Shipping speeds have consistently met or exceeded expectations.,Positive
688,Warranty support is hard to claim and lacks clear instructions.,Negative
161,Technical support team resolves issues within a short turnaround time.,Positive
588,Lack of multilingual support is limiting global reach.,Negative
63,The mobile version of the platform is just as robust as the desktop one.,Positive
922,Some features advertised are missing or do not work as expected.,Negative
824,Order cancellations happen too frequently without explanation.,Negative
572,Products often arrive later than the estimated delivery date.,Negative
615,The website search function does not work efficiently.,Negative
861,Logistics delays have led to missed deadlines for customers.,Negative
37,Support team was quick to resolve our concerns professionally.,Positive
132,The company's commitment to innovation keeps the product competitive.,Positive
857,The company lacks transparency in product development roadmaps.,Negative
681,The product is not compatible with industry-standard formats.,Negative
444,The latest update enhanced functionality and user experience.,Positive
27,Strong community support provides additional resources and best practices.,Positive
948,Repeated outages make the service unreliable for business use.,Negative
736,"Order processing time is too slow, leading to frustrated customers.",Negative
860,"The platform's navigation is unintuitive, making tasks take longer.",Negative
32,Shipping speeds have consistently met or exceeded expectations.,Positive
732,Order cancellations happen too frequently without explanation.,Negative
894,Products often arrive with missing accessories or parts.,Negative
691,Long wait times for live chat support.,Negative
599,Mobile notifications are excessive and cannot be properly customized.,Negative
414,Sales process has been streamlined with better technology support.,Positive
629,Inconsistent quality control results in defective products.,Negative
898,No clear roadmap for upcoming feature improvements.,Negative
332,The seamless integration with third-party apps enhances usability.,Positive
181,The customer service team is knowledgeable and provides quick resolutions.,Positive
28,The mobile version of the platform is just as robust as the desktop one.,Positive
737,The documentation lacks detailed troubleshooting steps.,Negative
817,Live chat support is often unavailable during peak hours.,Negative
160,Marketing support has helped boost sales and brand recognition.,Positive
151,The product's reliability has strengthened customer confidence.,Positive
448,Strong community support provides additional resources and best practices.,Positive
720,Competitor products offer better value for money.,Negative
605,Email support responses are generic and do not resolve the issue.,Negative
126,The scalability of the platform supports business growth effectively.,Positive
422,Secure packaging has minimized damage during product transit.,Positive
237,Lead times for order fulfillment have improved remarkably.,Positive
515,Order tracking information is often inaccurate.,Negative
180,Product stability has led to fewer service interruptions.,Positive
812,Warranty claims take too long to process.,Negative
969,Frequent password reset requests indicate security flaws.,Negative
847,The service lacks proactive communication about known issues.,Negative
437,The product's reliability has strengthened customer confidence.,Positive
224,Product stability has led to fewer service interruptions.,Positive
619,No clear roadmap for upcoming feature improvements.,Negative
467,The flexible pricing model makes it accessible to businesses of all sizes.,Positive
133,Personalized marketing efforts have improved conversion rates.,Positive
918,"Order processing time is too slow, leading to frustrated customers.",Negative
264,The new automation features have improved workflow productivity.,Positive
164,Technical support team resolves issues within a short turnaround time.,Positive
500,Customizable options make the product suitable for various business needs.,Positive
626,The refund process is complex and takes too long to complete.,Negative
308,Personalized marketing efforts have improved conversion rates.,Positive
485,Timely assistance from support made issue resolution seamless.,Positive
471,"After-sales service has been excellent, increasing customer retention.",Positive
138,The product's reliability has strengthened customer confidence.,Positive
718,Support representatives provide inconsistent solutions to the same issue.,Negative
415,"Order processing time has been significantly reduced, improving efficiency.",Positive
90,Training sessions are comprehensive and cater to different skill levels.,Positive
840,"Packaging is excessive, leading to environmental concerns.",Negative
377,The mobile version of the platform is just as robust as the desktop one.,Positive
344,"Product performance is excellent, leading to repeat orders.",Positive
70,The product offers great value for money compared to competitors.,Positive
340,Marketing support has helped boost sales and brand recognition.,Positive
850,The website search function does not work efficiently.,Negative
761,"Order processing time is too slow, leading to frustrated customers.",Negative
977,"The mobile app crashes frequently, making it unreliable.",Negative
895,Support representatives provide inconsistent solutions to the same issue.,Negative
473,The company maintains transparency in all transactions.,Positive
480,Technical support team resolves issues within a short turnaround time.,Positive
419,"Account management support is outstanding, ensuring a smooth experience.",Positive
868,Support representatives provide inconsistent solutions to the same issue.,Negative
679,Order tracking information is often inaccurate.,Negative
925,"Error messages are vague, making troubleshooting difficult.",Negative
641,Order cancellations happen too frequently without explanation.,Negative
825,The website search function does not work efficiently.,Negative
346,"Stock availability has improved, making inventory management easier.",Positive
186,"User interface is intuitive, making navigation smooth and effortless.",Positive
666,Customer complaints do not receive timely follow-ups.,Negative
271,Frequent updates ensure the product stays ahead of competitors.,Positive
432,The company maintains transparency in all transactions.,Positive
989,Live chat support is often unavailable during peak hours.,Negative
531,"Product availability is inconsistent, leading to unfulfilled orders.",Negative
424,Customer testimonials reflect high satisfaction with the product.,Positive
979,"Product availability is inconsistent, leading to unfulfilled orders.",Negative
118,The product offers great value for money compared to competitors.,Positive
750,Hidden fees in the billing process make pricing unclear.,Negative
162,The sales team is proactive and offers personalized recommendations.,Positive
158,Return and exchange policies are customer-friendly and efficient.,Positive
516,Incentives are not attractive enough to drive more sales.,Negative
783,The system does not support bulk operations efficiently.,Negative
221,Customer testimonials reflect high satisfaction with the product.,Positive
706,The user interface is outdated and difficult to navigate.,Negative
946,"We are facing stock shortages frequently, disrupting sales.",Negative
287,Promotional discounts have driven more customer engagement.,Positive
904,The user interface is outdated and difficult to navigate.,Negative
491,"Vendor relationships are well-managed, ensuring continuous supply.",Positive
949,Products often arrive with missing accessories or parts.,Negative
664,The product's lifespan is much shorter than expected.,Negative
189,Customer demand has been steadily increasing for this product.,Positive
608,Lack of multilingual support is limiting global reach.,Negative
555,Support team is difficult to reach during critical issues.,Negative
253,Multi-language support has broadened our customer base.,Positive
517,Order tracking information is often inaccurate.,Negative
385,The seamless integration with third-party apps enhances usability.,Positive
302,Technical support team resolves issues within a short turnaround time.,Positive
704,Customer inquiries often go unanswered for extended periods.,Negative
461,Support team was quick to resolve our concerns professionally.,Positive
837,The chatbots provide scripted responses that do not solve problems.,Negative
700,"Shipping partners are unreliable, causing delays.",Negative
358,The training program was well-structured and very informative.,Positive
620,Some features advertised are missing or do not work as expected.,Negative
696,The company does not handle complaints in a timely manner.,Negative
57,"Collaboration has been seamless, with clear communication at all stages.",Positive
587,"Key features require additional payments, making it expensive.",Negative
103,The onboarding guide made setting up the system quick and hassle-free.,Positive
374,Strong community support provides additional resources and best practices.,Positive
270,The loyalty program rewards have increased customer retention.,Positive
101,Product packaging is eco-friendly and sustainable.,Positive
549,Customer complaints do not receive timely follow-ups.,Negative
352,Shipping speeds have consistently met or exceeded expectations.,Positive
655,The user interface is outdated and difficult to navigate.,Negative
880,Notifications are excessive and cannot be customized.,Negative
921,"Packaging is excessive, leading to environmental concerns.",Negative
71,"Account management support is outstanding, ensuring a smooth experience.",Positive
991,The onboarding tutorial does not cover key functions.,Negative
140,Regular product webinars provide ongoing education and best practices.,Positive
660,Security concerns arise due to frequent account breaches.,Negative
712,"The checkout process has unnecessary steps, leading to cart abandonment.",Negative
709,Product updates remove useful features instead of improving them.,Negative
363,Timely communication from the team has helped in business planning.,Positive
612,The system does not support bulk operations efficiently.,Negative
417,Customer appreciation programs have strengthened brand loyalty.,Positive
187,"The product is well-engineered, leading to high durability.",Positive
934,The website search function does not work efficiently.,Negative
552,Training was too generic and did not cover specific use cases.,Negative
7,Commission structure has been motivating our sales team effectively.,Positive
836,Lack of multilingual support is limiting global reach.,Negative
686,"Account security measures are weak, raising privacy concerns.",Negative
11,The training program was well-structured and very informative.,Positive
554,"Pricing is too high compared to competitors, impacting sales.",Negative
445,The easy-to-use reporting tools help track performance effectively.,Positive
43,Live chat support is highly responsive and effective.,Positive
232,Co-branding opportunities have strengthened our market presence.,Positive
268,The trial period allowed a thorough evaluation of product features.,Positive
106,"Stock availability has improved, making inventory management easier.",Positive
551,Email support responses are generic and do not resolve the issue.,Negative
47,Frequent software updates have significantly enhanced performance.,Positive
800,Customer support scripts feel robotic and impersonal.,Negative
864,"Key features require additional payments, making it expensive.",Negative
789,The onboarding tutorial does not cover key functions.,Negative
595,"Product descriptions are misleading, causing dissatisfaction.",Negative
182,The easy-to-use reporting tools help track performance effectively.,Positive
579,"Product availability is inconsistent, leading to unfulfilled orders.",Negative
172,The company's commitment to innovation keeps the product competitive.,Positive
229,Customer feedback is actively considered for product improvements.,Positive
643,The user interface is outdated and difficult to navigate.,Negative
165,"Product availability has been consistent, preventing stockouts.",Positive
17,The detailed user manual simplifies the learning process.,Positive
633,"Support team lacks responsiveness, leading to unresolved issues.",Negative
81,The seamless integration with third-party apps enhances usability.,Positive
80,AI-powered features have improved automation and decision-making.,Positive
452,"Pricing strategy is competitive, allowing better profit margins.",Positive
541,Return and refund policies are unclear and complicated.,Negative
834,"Order processing time is too slow, leading to frustrated customers.",Negative
289,"Account management support is outstanding, ensuring a smooth experience.",Positive
185,The flexible pricing model makes it accessible to businesses of all sizes.,Positive
441,Multi-language support has broadened our customer base.,Positive
136,The discount structures have made bulk purchasing more attractive.,Positive
307,Commission structure has been motivating our sales team effectively.,Positive
384,The company is quick to adapt to market changes and user demands.,Positive
606,"Packaging is poor, leading to damaged products in transit.",Negative
62,Regular product webinars provide ongoing education and best practices.,Positive
559,Customer requests for new features are ignored.,Negative
603,The FAQ section is not detailed enough to answer common questions.,Negative
334,The training program was well-structured and very informative.,Positive
275,Customer testimonials reflect high satisfaction with the product.,Positive
974,System downtime during updates is not communicated in advance.,Negative
225,"Account management support is outstanding, ensuring a smooth experience.",Positive
477,Strong community support provides additional resources and best practices.,Positive
15,Strong community support provides additional resources and best practices.,Positive
113,Commission structure has been motivating our sales team effectively.,Positive
391,"Account management support is outstanding, ensuring a smooth experience.",Positive
217,The trial period allowed a thorough evaluation of product features.,Positive
901,"The software has frequent bugs, causing operational issues.",Negative
213,The company's commitment to innovation keeps the product competitive.,Positive
481,The new automation features have improved workflow productivity.,Positive
867,"Key features require additional payments, making it expensive.",Negative
574,Incentives are not attractive enough to drive more sales.,Negative
911,Logistics delays have led to missed deadlines for customers.,Negative
77,The product warranty terms are favorable and build customer trust.,Positive
35,"Product availability has been consistent, preventing stockouts.",Positive
797,The help desk tickets take too long to be resolved.,Negative
593,Frequent password reset requests indicate security flaws.,Negative
468,The discount structures have made bulk purchasing more attractive.,Positive
494,Lead times for order fulfillment have improved remarkably.,Positive
383,Multi-language support has broadened our customer base.,Positive
152,"Product availability has been consistent, preventing stockouts.",Positive
661,Warranty claims take too long to process.,Negative
342,The discount structures have made bulk purchasing more attractive.,Positive
539,The website search function does not work efficiently.,Negative
947,Lack of multilingual support is limiting global reach.,Negative
742,Repeated outages make the service unreliable for business use.,Negative
543,Pricing tiers do not offer enough flexibility for small businesses.,Negative
625,"Key features require additional payments, making it expensive.",Negative
435,"Vendor relationships are well-managed, ensuring continuous supply.",Positive
594,The onboarding process is cumbersome and not user-friendly.,Negative
387,Technical documentation provided was clear and very useful.,Positive
465,"Collaboration has been seamless, with clear communication at all stages.",Positive
202,We have received great promotional support from the company.,Positive
882,The refund process is complex and takes too long to complete.,Negative
316,Frequent software updates have significantly enhanced performance.,Positive
317,"Collaboration has been seamless, with clear communication at all stages.",Positive
862,Logistics delays have led to missed deadlines for customers.,Negative
996,Video tutorials do not address common user concerns.,Negative
425,Co-branding opportunities have strengthened our market presence.,Positive
843,No clear roadmap for upcoming feature improvements.,Negative
292,"Product performance is excellent, leading to repeat orders.",Positive
786,Frequent password reset requests indicate security flaws.,Negative
219,Marketing campaigns have increased brand visibility and sales.,Positive
811,Frequent password reset requests indicate security flaws.,Negative
304,Timely communication from the team has helped in business planning.,Positive
220,"Product performance is excellent, leading to repeat orders.",Positive
402,The training program was well-structured and very informative.,Positive
312,Marketing campaigns have increased brand visibility and sales.,Positive
488,Secure packaging has minimized damage during product transit.,Positive
965,The knowledge base articles are outdated and lack relevant details.,Negative
888,The user interface is outdated and difficult to navigate.,Negative
945,Notifications are excessive and cannot be customized.,Negative
49,Technical support team resolves issues within a short turnaround time.,Positive
33,Return and exchange policies are customer-friendly and efficient.,Positive
1,"User interface is intuitive, making navigation smooth and effortless.",Positive
125,Marketing campaigns have increased brand visibility and sales.,Positive
55,The trial period allowed a thorough evaluation of product features.,Positive
663,The checkout process is confusing and leads to abandoned carts.,Negative
562,Products often arrive with missing accessories or parts.,Negative
95,Dedicated account manager support has been very helpful.,Positive
400,The training program was well-structured and very informative.,Positive
923,Training was too generic and did not cover specific use cases.,Negative
380,The product roadmap aligns well with industry trends and demands.,Positive
982,Products often arrive later than the estimated delivery date.,Negative
518,"Support team lacks responsiveness, leading to unresolved issues.",Negative
44,Product stability has led to fewer service interruptions.,Positive
368,Timely communication from the team has helped in business planning.,Positive
525,Logistics delays have led to missed deadlines for customers.,Negative
347,Customer demand has been steadily increasing for this product.,Positive
863,Product updates remove useful features instead of improving them.,Negative
192,Technical support team resolves issues within a short turnaround time.,Positive
803,The company lacks transparency in product development roadmaps.,Negative
111,The onboarding guide made setting up the system quick and hassle-free.,Positive
40,The company maintains transparency in all transactions.,Positive
738,"The mobile app crashes frequently, making it unreliable.",Negative
760,Warranty claims take too long to process.,Negative
294,Shipping speeds have consistently met or exceeded expectations.,Positive
795,Email support responses are generic and do not resolve the issue.,Negative
479,The new automation features have improved workflow productivity.,Positive
826,The onboarding tutorial does not cover key functions.,Negative
370,The discount structures have made bulk purchasing more attractive.,Positive
21,"After-sales service has been excellent, increasing customer retention.",Positive
321,We have received great promotional support from the company.,Positive
440,Timely assistance from support made issue resolution seamless.,Positive
3,The easy-to-use reporting tools help track performance effectively.,Positive
19,The company is quick to adapt to market changes and user demands.,Positive
542,"Platform customizations are minimal, reducing flexibility for users.",Negative
520,The chatbot support is ineffective and gives irrelevant answers.,Negative
60,"Order processing time has been significantly reduced, improving efficiency.",Positive
397,The company's commitment to innovation keeps the product competitive.,Positive
327,"Order processing time has been significantly reduced, improving efficiency.",Positive
20,Security measures implemented have increased trust in the platform.,Positive
375,Security measures implemented have increased trust in the platform.,Positive
371,The product warranty terms are favorable and build customer trust.,Positive
153,The sales team is proactive and offers personalized recommendations.,Positive
109,Training sessions are comprehensive and cater to different skill levels.,Positive
293,Support team was quick to resolve our concerns professionally.,Positive
524,"Order processing time is too slow, leading to frustrated customers.",Negative
788,"Support team lacks responsiveness, leading to unresolved issues.",Negative
753,Video tutorials do not address common user concerns.,Negative
508,"Support response times are too slow, affecting our business.",Negative
362,Timely communication from the team has helped in business planning.,Positive
259,The scalability of the platform supports business growth effectively.,Positive
910,Some features advertised are missing or do not work as expected.,Negative
470,The quality of materials used in the product is outstanding.,Positive
657,The training materials provided are outdated.,Negative
935,Shipping costs are too high compared to other vendors.,Negative
962,"Packaging is excessive, leading to environmental concerns.",Negative
206,"Product performance is excellent, leading to repeat orders.",Positive
104,Product stability has led to fewer service interruptions.,Positive
66,Lead times for order fulfillment have improved remarkably.,Positive
699,"The mobile app crashes frequently, making it unreliable.",Negative
4,The product roadmap aligns well with industry trends and demands.,Positive
583,Support calls have long wait times with no call-back option.,Negative
247,Marketing campaigns have increased brand visibility and sales.,Positive
413,The detailed user manual simplifies the learning process.,Positive
475,Frequent software updates have significantly enhanced performance.,Positive
546,"Packaging is excessive, leading to environmental concerns.",Negative
707,"The software has frequent bugs, causing operational issues.",Negative
438,Bulk order processing has been made faster and more efficient.,Positive
678,Customer inquiries often go unanswered for extended periods.,Negative
887,"Platform customizations are minimal, reducing flexibility for users.",Negative
601,"Website speed is slow, making browsing frustrating.",Negative
261,Seamless cross-platform compatibility makes the product highly versatile.,Positive
474,"The product exceeded our expectations, and shipping was prompt.",Positive
740,Multi-step authentication slows down the login process unnecessarily.,Negative
323,The sales team is proactive and offers personalized recommendations.,Positive
682,Order tracking is delayed and does not reflect real-time status.,Negative
39,Frequent updates ensure the product stays ahead of competitors.,Positive
731,Customer requests for new features are ignored.,Negative
245,Commission structure has been motivating our sales team effectively.,Positive
873,Video tutorials do not address common user concerns.,Negative
876,Customization options are too limited for enterprise users.,Negative
879,"The platform's navigation is unintuitive, making tasks take longer.",Negative
54,We appreciate the transparency in pricing and contract terms.,Positive
624,Support team is difficult to reach during critical issues.,Negative
463,"Product performance is excellent, leading to repeat orders.",Positive
230,The vendor proactively communicates about product enhancements.,Positive
436,The latest update enhanced functionality and user experience.,Positive
646,Warranty claims take too long to process.,Negative
808,Multi-step authentication slows down the login process unnecessarily.,Negative
859,"Platform customizations are minimal, reducing flexibility for users.",Negative
364,Marketing campaigns have increased brand visibility and sales.,Positive
178,Live chat support is highly responsive and effective.,Positive
908,Hidden fees in the billing process make pricing unclear.,Negative
831,Frequent downtime of the platform is causing major disruptions.,Negative
939,Frequent password reset requests indicate security flaws.,Negative
725,"Order processing time is too slow, leading to frustrated customers.",Negative
892,Live chat support is often unavailable during peak hours.,Negative
203,"Product availability has been consistent, preventing stockouts.",Positive
858,Support calls have long wait times with no call-back option.,Negative
565,"The checkout process has unnecessary steps, leading to cart abandonment.",Negative
961,"Packaging is excessive, leading to environmental concerns.",Negative
511,"Product inventory is not updated in real time, leading to order cancellations.",Negative
324,Sales process has been streamlined with better technology support.,Positive
260,The onboarding process was smooth and well-organized.,Positive
410,"After-sales service has been excellent, increasing customer retention.",Positive
805,Customer service representatives lack technical knowledge.,Negative
498,The onboarding guide made setting up the system quick and hassle-free.,Positive
792,Promotional emails are too frequent and feel like spam.,Negative
998,The company lacks transparency in product development roadmaps.,Negative
780,"Support team lacks responsiveness, leading to unresolved issues.",Negative
575,Order tracking is delayed and does not reflect real-time status.,Negative
875,In-app advertisements interfere with user experience.,Negative
944,Promotional emails are too frequent and feel like spam.,Negative
301,Personalized marketing efforts have improved conversion rates.,Positive
891,"We are facing stock shortages frequently, disrupting sales.",Negative
818,The response from the escalation team is often unhelpful.,Negative
284,Secure packaging has minimized damage during product transit.,Positive
747,"Order processing time is too slow, leading to frustrated customers.",Negative
618,Trial periods are too short to evaluate the product properly.,Negative
534,Video tutorials do not address common user concerns.,Negative
455,Technical support team resolves issues within a short turnaround time.,Positive
692,Hidden fees in the billing process make pricing unclear.,Negative
773,"Pricing is too high compared to competitors, impacting sales.",Negative
360,Timely assistance from support made issue resolution seamless.,Positive
257,The analytics dashboard provides valuable insights for business growth.,Positive
647,Lack of integration with third-party services is limiting usability.,Negative
976,Support representatives provide inconsistent solutions to the same issue.,Negative
823,Order tracking information is often inaccurate.,Negative
310,Customer demand has been steadily increasing for this product.,Positive
533,The onboarding tutorial does not cover key functions.,Negative
428,The loyalty program rewards have increased customer retention.,Positive
382,Seamless cross-platform compatibility makes the product highly versatile.,Positive
702,Support calls have long wait times with no call-back option.,Negative
408,"The payment process is smooth, with multiple options for convenience.",Positive
672,The product's lifespan is much shorter than expected.,Negative
883,The website search function does not work efficiently.,Negative
799,Customer inquiries often go unanswered for extended periods.,Negative
333,Bulk order processing has been made faster and more efficient.,Positive
199,"Product performance is excellent, leading to repeat orders.",Positive
872,"Packaging is excessive, leading to environmental concerns.",Negative
487,Co-branding opportunities have strengthened our market presence.,Positive
262,Collaboration tools have improved team efficiency and project management.,Positive
46,"The payment process is smooth, with multiple options for convenience.",Positive
814,Platform integration with third-party apps is unstable.,Negative
398,Product durability has significantly reduced return rates.,Positive
194,"The product is well-engineered, leading to high durability.",Positive
423,Frequent updates ensure the product stays ahead of competitors.,Positive
416,Multi-language support has broadened our customer base.,Positive
328,"The product exceeded our expectations, and shipping was prompt.",Positive
286,The product offers great value for money compared to competitors.,Positive
442,Support team was quick to resolve our concerns professionally.,Positive
119,Personalized marketing efforts have improved conversion rates.,Positive
446,The company is quick to adapt to market changes and user demands.,Positive
309,The company is quick to adapt to market changes and user demands.,Positive
592,Customer requests for new features are ignored.,Negative
311,Return and exchange policies are customer-friendly and efficient.,Positive
611,Support team is difficult to reach during critical issues.,Negative
993,Misleading marketing creates unrealistic expectations for the product.,Negative
288,The company is quick to adapt to market changes and user demands.,Positive
796,"Pricing is too high compared to competitors, impacting sales.",Negative
509,Logistics delays have led to missed deadlines for customers.,Negative
952,No clear roadmap for upcoming feature improvements.,Negative
490,Product durability has significantly reduced return rates.,Positive
695,"Account security measures are weak, raising privacy concerns.",Negative
689,Support team is difficult to reach during critical issues.,Negative
757,The company lacks transparency in product development roadmaps.,Negative
984,The product's lifespan is much shorter than expected.,Negative
134,Lead times for order fulfillment have improved remarkably.,Positive
175,Lead times for order fulfillment have improved remarkably.,Positive
265,"Collaboration has been seamless, with clear communication at all stages.",Positive
411,Technical support team resolves issues within a short turnaround time.,Positive
779,Lack of multilingual support is limiting global reach.,Negative
38,Frequent software updates have significantly enhanced performance.,Positive
399,The mobile version of the platform is just as robust as the desktop one.,Positive
791,The training materials provided are outdated.,Negative
318,"The product exceeded our expectations, and shipping was prompt.",Positive
649,The service lacks proactive communication about known issues.,Negative
305,The product roadmap aligns well with industry trends and demands.,Positive
677,Some features advertised are missing or do not work as expected.,Negative
763,Customer complaints do not receive timely follow-ups.,Negative
897,Customer complaints do not receive timely follow-ups.,Negative
295,Technical support team resolves issues within a short turnaround time.,Positive
9,Product stability has led to fewer service interruptions.,Positive
658,"The checkout process has unnecessary steps, leading to cart abandonment.",Negative
173,Marketing support has helped boost sales and brand recognition.,Positive
504,The company lacks transparency in product development roadmaps.,Negative
503,Shipping costs are too high compared to other vendors.,Negative
427,The trial period allowed a thorough evaluation of product features.,Positive
482,"Product availability has been consistent, preventing stockouts.",Positive
41,The sales team is proactive and offers personalized recommendations.,Positive
514,"Order processing time is too slow, leading to frustrated customers.",Negative
767,Discounts and promotions are not competitive enough.,Negative
874,Shipping costs are too high compared to other vendors.,Negative
768,"The platform's navigation is unintuitive, making tasks take longer.",Negative
828,Search filters do not return accurate results.,Negative
139,Collaboration tools have improved team efficiency and project management.,Positive
75,The seamless integration with third-party apps enhances usability.,Positive
330,The new automation features have improved workflow productivity.,Positive
174,We have received great promotional support from the company.,Positive
155,The trial period allowed a thorough evaluation of product features.,Positive
726,"The software has frequent bugs, causing operational issues.",Negative
65,The onboarding guide made setting up the system quick and hassle-free.,Positive
478,The scalability of the platform supports business growth effectively.,Positive
577,Support team is difficult to reach during critical issues.,Negative
728,Pricing structures are confusing and not transparent.,Negative
715,The software updates introduce more bugs than they fix.,Negative
676,Competitor products offer better value for money.,Negative
105,Strong community support provides additional resources and best practices.,Positive
453,Technical documentation provided was clear and very useful.,Positive
665,"Product inventory is not updated in real time, leading to order cancellations.",Negative
279,Customer testimonials reflect high satisfaction with the product.,Positive
846,The software lacks automation features that competitors offer.,Negative
915,No clear roadmap for upcoming feature improvements.,Negative
272,The product warranty terms are favorable and build customer trust.,Positive
849,The help desk tickets take too long to be resolved.,Negative
616,The analytics dashboard lacks crucial insights needed for business decisions.,Negative
449,The discount structures have made bulk purchasing more attractive.,Positive
683,In-app advertisements interfere with user experience.,Negative
350,The company is quick to adapt to market changes and user demands.,Positive
256,Technical support team resolves issues within a short turnaround time.,Positive
190,Product packaging is eco-friendly and sustainable.,Positive
591,Pricing structures are confusing and not transparent.,Negative
762,The FAQ section is not detailed enough to answer common questions.,Negative
885,Competitor products offer better value for money.,Negative
45,Promotional discounts have driven more customer engagement.,Positive
644,Incentives are not attractive enough to drive more sales.,Negative
365,"Stock availability has improved, making inventory management easier.",Positive
639,Repeated outages make the service unreliable for business use.,Negative
717,"System maintenance happens at inconvenient times, disrupting usage.",Negative
163,The discount structures have made bulk purchasing more attractive.,Positive
784,The software updates introduce more bugs than they fix.,Negative
366,"User interface is intuitive, making navigation smooth and effortless.",Positive
407,Seamless cross-platform compatibility makes the product highly versatile.,Positive
171,Timely communication from the team has helped in business planning.,Positive
650,Long wait times for live chat support.,Negative
877,Customer feedback is not being implemented into product updates.,Negative
744,"Shipping partners are unreliable, causing delays.",Negative
297,We appreciate the transparency in pricing and contract terms.,Positive
988,The onboarding tutorial does not cover key functions.,Negative
361,The onboarding guide made setting up the system quick and hassle-free.,Positive
567,Order tracking is delayed and does not reflect real-time status.,Negative
547,Multi-step authentication slows down the login process unnecessarily.,Negative
234,The analytics dashboard provides valuable insights for business growth.,Positive
14,The training program was well-structured and very informative.,Positive
241,Frequent updates ensure the product stays ahead of competitors.,Positive
734,The platform lacks offline functionality for critical operations.,Negative
899,The refund process is complex and takes too long to complete.,Negative
157,Customizable options make the product suitable for various business needs.,Positive
483,"Pricing strategy is competitive, allowing better profit margins.",Positive
89,The scalability of the platform supports business growth effectively.,Positive
401,The vendor proactively communicates about product enhancements.,Positive
971,"Support response times are too slow, affecting our business.",Negative
489,Timely assistance from support made issue resolution seamless.,Positive
505,Promotional emails are too frequent and feel like spam.,Negative
2,Customer appreciation programs have strengthened brand loyalty.,Positive
964,Product updates remove useful features instead of improving them.,Negative
566,The website search function does not work efficiently.,Negative
25,The onboarding guide made setting up the system quick and hassle-free.,Positive
76,"Stock availability has improved, making inventory management easier.",Positive
83,The onboarding process was smooth and well-organized.,Positive
856,"Pricing is too high compared to competitors, impacting sales.",Negative
345,The mobile app interface has made order management more efficient.,Positive
329,The loyalty program rewards have increased customer retention.,Positive
296,The analytics dashboard provides valuable insights for business growth.,Positive
917,The interface does not scale well on different screen sizes.,Negative
238,Technical documentation provided was clear and very useful.,Positive
810,The system does not support bulk operations efficiently.,Negative
822,Subscription cancellation is overly complicated and unclear.,Negative
